{"stat.useItem.minecraft.brick_stairs":8,"stat.drop.minecraft.pumpkin":1,"stat.drop.minecraft.purpur_stairs":1,"stat.useItem.minecraft.stone":4,"stat.useItem.minecraft.orange_glazed_terracotta":6,"stat.leaveGame":4,"stat.useItem.minecraft.sponge":1,"stat.useItem.minecraft.ender_chest":27,"stat.useItem.minecraft.skull":5,"stat.useItem.minecraft.black_glazed_terracotta":31,"stat.pickup.minecraft.red_shulker_box":1,"stat.useItem.minecraft.bedrock":6,"stat.jump":1551,"stat.useItem.minecraft.snow":4,"stat.fallOneCm":10930,"stat.useItem.minecraft.piston":4,"stat.crouchOneCm":7814,"stat.enderchestOpened":1,"stat.useItem.minecraft.pink_shulker_box":4,"stat.craftingTableInteraction":4,"stat.drop.minecraft.concrete_powder":2,"stat.useItem.minecraft.redstone_lamp":26,"stat.damageTaken":44,"stat.useItem.minecraft.red_shulker_box":2,"stat.useItem.minecraft.stone_brick_stairs":277,"stat.useItem.minecraft.purpur_stairs":4,"stat.drop.minecraft.concrete":1,"stat.drop.minecraft.fence":1,"stat.flyOneCm":448061,"stat.useItem.minecraft.magma":2,"stat.drop.minecraft.snow":1,"stat.pickup.minecraft.pink_shulker_box":1,"stat.damageDealt":150,"stat.useItem.minecraft.wool":138,"stat.timeSinceDeath":275349,"stat.useItem.minecraft.pink_glazed_terracotta":29,"stat.useItem.minecraft.crafting_table":4,"stat.useItem.minecraft.spawn_egg":5,"stat.useItem.minecraft.iron_door":2,"stat.useItem.minecraft.noteblock":1,"stat.walkOneCm":563442,"stat.drop.minecraft.stone_brick_stairs":2,"stat.useItem.minecraft.pumpkin":15,"stat.pickup.minecraft.crafting_table":1,"stat.useItem.minecraft.tnt":1,"stat.useItem.minecraft.gold_ore":1,"stat.drop.minecraft.wool":4,"stat.drop.minecraft.stone_slab":2,"stat.drop.minecraft.bedrock":1,"stat.drop.minecraft.iron_door":1,"stat.drop.minecraft.redstone_lamp":2,"stat.drop.minecraft.stonebrick":2,"stat.useItem.minecraft.redstone_block":1,"stat.drop.minecraft.pink_shulker_box":1,"stat.useItem.minecraft.sea_lantern":6,"stat.shulkerBoxOpened":6,"stat.drop.minecraft.brick_stairs":1,"stat.sprintOneCm":106359,"stat.useItem.minecraft.hay_block":6,"stat.useItem.minecraft.fence":5,"stat.useItem.minecraft.concrete":10,"stat.useItem.minecraft.stone_slab":187,"stat.useItem.minecraft.flint_and_steel":12,"stat.drop.minecraft.crafting_table":1,"stat.pickup.minecraft.concrete_powder":1,"stat.useItem.minecraft.stonebrick":572,"stat.drop":24,"stat.playOneMinute":275349,"stat.sneakTime":4773,"stat.useItem.minecraft.purpur_block":1,"stat.useItem.minecraft.gray_glazed_terracotta":1}