{"stat.pickup.minecraft.pumpkin":1,"stat.useItem.minecraft.quartz_block":4,"stat.useItem.minecraft.stone":96,"stat.leaveGame":30,"stat.useItem.minecraft.bookshelf":1,"stat.useItem.minecraft.blue_glazed_terracotta":11,"stat.pickup.minecraft.purpur_stairs":1,"stat.useItem.minecraft.skull":1,"stat.useItem.minecraft.black_glazed_terracotta":14,"stat.pickup.minecraft.red_shulker_box":1,"stat.useItem.minecraft.glowstone":5,"stat.pickup.minecraft.brick_stairs":1,"stat.pickup.minecraft.stone_brick_stairs":2,"stat.jump":3692,"stat.pickup.minecraft.fence":1,"stat.useItem.minecraft.snow":1,"stat.fallOneCm":21055,"stat.crouchOneCm":21161,"stat.craftingTableInteraction":8,"stat.pickup.minecraft.snow":1,"stat.useItem.minecraft.redstone_lamp":25,"stat.damageTaken":610,"stat.useItem.minecraft.stone_brick_stairs":260,"stat.useItem.minecraft.slime":2,"stat.flyOneCm":1189070,"stat.pickup.minecraft.concrete":1,"stat.pickup.minecraft.pink_shulker_box":4,"stat.damageDealt":44,"stat.useItem.minecraft.wool":292,"stat.timeSinceDeath":891810,"stat.useItem.minecraft.crafting_table":5,"stat.useItem.minecraft.command_block":11,"stat.walkOneCm":650538,"stat.useItem.minecraft.pumpkin":18,"stat.pickup.minecraft.stonebrick":2,"stat.pickup.minecraft.redstone_lamp":2,"stat.drop.minecraft.diamond_block":1,"stat.drop.minecraft.stone_slab":1,"stat.useItem.minecraft.redstone_block":45,"stat.useItem.minecraft.purpur_pillar":1,"stat.shulkerBoxOpened":1,"stat.sprintOneCm":138982,"stat.useItem.minecraft.stone_slab":270,"stat.pickup.minecraft.concrete_powder":1,"stat.useItem.minecraft.hopper":1,"stat.useItem.minecraft.stonebrick":585,"stat.deaths":2,"stat.drop":2,"stat.pickup.minecraft.iron_door":1,"stat.playOneMinute":1839984,"stat.sneakTime":12038,"stat.useItem.minecraft.purpur_block":3,"stat.pickup.minecraft.wool":4,"stat.pickup.minecraft.diamond_block":1,"stat.pickup.minecraft.stone_slab":2,"stat.useItem.minecraft.gray_glazed_terracotta":6}